#frequency,mode,x,y,Ex_re,Ex_im,Ey_re,Ey_im,Ez_re,Ez_im,Hx_re,Hx_im,Hy_re,Hy_im,Hz_re,Hz_im
4e+10,1,0.00125,0.000125,-0.000276259508399289,6.1281456082867e-08,1,-0,1.64508361037347e-05,0.0089068870226109,-0.00668537750255784,8.41114325698531e-06,-2.40867571358886e-06,2.12512808797268e-09,-4.07011859627776e-09,-1.38978762847248e-06
