#frequency,mode,x,y,Ex_re,Ex_im,Ey_re,Ey_im,Ez_re,Ez_im,Hx_re,Hx_im,Hy_re,Hy_im,Hz_re,Hz_im
4e+10,1,0.00125,0.000125,-9.51196139420891e-05,5.13258234171073e-08,1,-0,1.73336915413807e-05,0.00933441625113258,-0.00667597099762841,8.38945320531413e-06,-7.55196376584378e-07,6.17387377023813e-10,-1.96753410684354e-09,-6.09724073858107e-07
