#frequency,mode,x,y,Ex_re,Ex_im,Ey_re,Ey_im,Ez_re,Ez_im,Hx_re,Hx_im,Hy_re,Hy_im,Hz_re,Hz_im
4e+10,1,-0.001,0.0001,-0.628691118406478,0.00229123145452037,1,-0,0.00186859655267956,0.704634635462572,-0.0284775937491657,6.53701294052021e-05,0.00559943169524898,-6.80340423104898e-06,7.63984352828601e-05,0.0375012235988625
